1ag,2012-05-31,0.122,0.125,0.125,0.118,37183.000
88e,2012-05-31,0.457,0.457,0.457,0.447,83582.000
a1m,2012-05-31,10.800,11.000,11.100,10.500,86083.000
a2b,2012-05-31,6.250,6.340,6.390,6.250,384537.000
aac,2012-05-31,1.095,1.081,1.109,1.081,604378.000
aba,2012-05-31,5.740,5.790,5.790,5.740,3750.000
abc,2012-05-31,2.890,2.940,2.960,2.860,2230467.000
abl,2012-05-31,0.142,0.111,0.142,0.111,12980.000
abp,2012-05-31,1.913,1.942,1.952,1.908,390905.000
abv,2012-05-31,0.165,0.165,0.165,0.165,1210.000
abw,2012-05-31,1.100,1.100,1.105,1.100,161800.000
abx,2012-05-31,0.430,0.420,0.450,0.420,128500.000
acb,2012-05-31,0.136,0.131,0.136,0.131,90888.000
acf,2012-05-31,300.000,315.000,330.000,300.000,1734.000
acr,2012-05-31,4.390,4.340,4.390,4.330,833205.000
acs,2012-05-31,0.240,0.240,0.240,0.240,10010.000
ada,2012-05-31,0.360,0.360,0.360,0.360,5700.000
adn,2012-05-31,0.042,0.041,0.042,0.041,39663.000
ado,2012-05-31,0.062,0.060,0.063,0.059,1440825.000
ads,2012-05-31,0.045,0.043,0.048,0.040,811370.000
adx,2012-05-31,0.084,0.084,0.084,0.080,531670.000
ady,2012-05-31,0.045,0.045,0.045,0.045,186360.000
aeb,2012-05-31,0.295,0.295,0.295,0.295,10343.000
aee,2012-05-31,0.145,0.145,0.145,0.145,3524.000
aev,2012-05-31,0.178,0.183,0.183,0.178,67715.000
afa,2012-05-31,0.162,0.162,0.162,0.162,55482.000
afi,2012-05-31,4.070,4.080,4.090,4.060,245314.000
afr,2012-05-31,0.221,0.216,0.221,0.207,1491113.000
age,2012-05-31,0.096,0.096,0.096,0.096,135467.000
agg,2012-05-31,7.150,7.210,7.210,7.150,618.000
agi,2012-05-31,1.900,1.870,1.910,1.815,1490064.000
agj,2012-05-31,0.140,0.140,0.140,0.140,30000.000
agl,2012-05-31,14.420,14.613,14.613,14.209,4755117.000
agr,2012-05-31,1.100,1.100,1.100,1.100,10000.000
ags,2012-05-31,0.834,0.871,0.871,0.834,101106.000
agy,2012-05-31,0.021,0.021,0.021,0.021,200033.000
ahl,2012-05-31,5.058,5.058,5.058,5.058,395.000
ahn,2012-05-31,0.032,0.032,0.032,0.032,4973.000
ahq,2012-05-31,0.600,0.600,0.600,0.575,37167.000
ahz,2012-05-31,22.180,21.256,22.180,21.256,367.000
aia,2012-05-31,1.980,1.980,1.980,1.980,10102.000
aiq,2012-05-31,0.310,0.310,0.310,0.306,4551731.000
ais,2012-05-31,4.665,4.665,4.832,4.665,11448.000
aiv,2012-05-31,0.082,0.082,0.082,0.082,19154.000
aiz,2012-05-31,0.665,0.665,0.665,0.665,2754.000
ajc,2012-05-31,0.018,0.018,0.019,0.018,1647107.000
ajl,2012-05-31,0.749,0.756,0.770,0.749,344085.000
ajm,2012-05-31,0.159,0.159,0.159,0.159,117096.000
ajq,2012-05-31,0.367,0.377,0.377,0.358,286468.000
ajx,2012-05-31,0.094,0.094,0.094,0.094,16648.000
akm,2012-05-31,1.301,1.469,1.511,1.259,386934.000
akp,2012-05-31,5.200,5.200,5.200,5.200,2000.000
alc,2012-05-31,0.056,0.056,0.056,0.056,115660.000
ald,2012-05-31,13.470,13.650,13.750,13.380,1408081.000
alf,2012-05-31,1.061,1.061,1.061,1.061,18142.000
alk,2012-05-31,0.959,1.049,1.049,0.949,1079169.000
all,2012-05-31,2.970,2.930,2.980,2.900,1379005.000
alq,2012-05-31,10.658,10.798,10.798,10.424,2901129.000
alt,2012-05-31,0.019,0.019,0.019,0.018,442445.000
alu,2012-05-31,0.350,0.350,0.350,0.350,25950.000
alx,2012-05-31,1.443,1.501,1.521,1.443,1513697.000
aly,2012-05-31,0.079,0.079,0.079,0.079,135880.000
ama,2012-05-31,0.144,0.144,0.144,0.139,612946.000
amc,2012-05-31,6.773,6.846,6.865,6.718,8290011.000
amd,2012-05-31,0.490,0.490,0.490,0.490,35501.000
amg,2012-05-31,0.185,0.176,0.185,0.176,5851.000
amh,2012-05-31,0.710,0.700,0.710,0.700,66770.000
ami,2012-05-31,0.308,0.318,0.323,0.303,121013.000
amp,2012-05-31,3.850,3.880,3.910,3.840,9611677.000
ana,2012-05-31,0.320,0.320,0.320,0.320,25574.000
ang,2012-05-31,3.333,3.370,3.378,3.265,103656.000
ann,2012-05-31,14.330,14.200,14.380,14.200,732281.000
ano,2012-05-31,0.100,0.100,0.100,0.100,60333.000
anp,2012-05-31,0.153,0.144,0.153,0.144,592702.000
ans,2012-05-31,0.005,0.007,0.007,0.005,6970507.000
anz,2012-05-31,20.680,20.900,20.900,20.660,11012227.000
aon,2012-05-31,1.061,0.986,1.061,0.986,8935.000
aop,2012-05-31,0.107,0.107,0.111,0.107,157042.000
aou,2012-05-31,0.240,0.240,0.240,0.240,10000.000
apa,2012-05-31,4.813,4.813,4.852,4.775,11196114.000
ape,2012-05-31,3.150,3.100,3.150,3.100,5545.000
apg,2012-05-31,0.033,0.034,0.034,0.033,38400.000
aph,2012-05-31,0.445,0.440,0.445,0.435,152148.000
api,2012-05-31,0.345,0.360,0.360,0.340,634358.000
apw,2012-05-31,0.381,0.391,0.391,0.381,7145.000
apz,2012-05-31,3.878,3.878,3.878,3.835,141124.000
aqc,2012-05-31,11.393,10.607,11.393,10.214,1731.000
aqg,2012-05-31,5.970,5.990,6.060,5.860,998271.000
aqx,2012-05-31,0.247,0.247,0.247,0.247,3367.000
aqz,2012-05-31,2.240,2.250,2.250,2.240,602000.000
ara,2012-05-31,0.325,0.325,0.325,0.325,160000.000
arb,2012-05-31,8.690,8.650,8.880,8.640,62561.000
ard,2012-05-31,0.080,0.078,0.080,0.078,39852.000
are,2012-05-31,0.049,0.049,0.049,0.049,153499.000
arg,2012-05-31,5.070,5.070,5.090,5.030,185577.000
arm,2012-05-31,0.063,0.063,0.063,0.063,1512.000
arq,2012-05-31,1.745,1.745,1.745,1.745,401.000
aru,2012-05-31,0.184,0.180,0.189,0.175,7666797.000
arv,2012-05-31,0.334,0.334,0.334,0.316,13461.000
asb,2012-05-31,1.735,1.760,1.785,1.730,244154.000
asq,2012-05-31,0.115,0.115,0.115,0.115,25000.000
ast,2012-05-31,0.990,1.010,1.010,0.990,20401819.000
asx,2012-05-31,29.072,29.003,29.299,28.954,920380.000
atc,2012-05-31,0.140,0.140,0.140,0.140,4000.000
ath,2012-05-31,0.165,0.165,0.165,0.165,888.000
atp,2012-05-31,0.054,0.054,0.054,0.054,32488.000
atr,2012-05-31,1.480,1.480,1.480,1.480,6741.000
aub,2012-05-31,6.565,6.594,6.594,6.565,10359.000
auc,2012-05-31,0.480,0.471,0.489,0.471,68944.000
auh,2012-05-31,0.055,0.055,0.055,0.055,31000.000
aui,2012-05-31,5.537,5.537,5.537,5.537,7531.000
aul,2012-05-31,0.088,0.088,0.088,0.083,273384.000
auq,2012-05-31,0.297,0.326,0.336,0.297,270572.000
aur,2012-05-31,1.375,1.450,1.450,1.300,37707.000
aut,2012-05-31,0.047,0.049,0.050,0.047,586364.000
auz,2012-05-31,0.014,0.014,0.014,0.014,707615.000
avc,2012-05-31,26.078,26.078,26.078,26.078,310.000
ave,2012-05-31,0.161,0.171,0.171,0.156,1335923.000
avg,2012-05-31,0.354,0.349,0.354,0.349,128240.000
avh,2012-05-31,0.177,0.181,0.181,0.177,343051.000
avj,2012-05-31,0.314,0.314,0.314,0.314,3055.000
avl,2012-05-31,0.016,0.015,0.016,0.015,2570461.000
avq,2012-05-31,0.180,0.165,0.180,0.165,182551.000
avz,2012-05-31,0.028,0.026,0.028,0.024,921736.000
awc,2012-05-31,0.955,0.985,0.985,0.940,17059425.000
awv,2012-05-31,0.070,0.070,0.070,0.068,77009.000
ax1,2012-05-31,0.380,0.355,0.380,0.355,111500.000
axe,2012-05-31,0.250,0.245,0.250,0.235,1094488.000
axt,2012-05-31,0.026,0.026,0.026,0.026,50000.000
ayf,2012-05-31,6.050,6.050,6.050,6.050,4495.000
ayi,2012-05-31,0.008,0.008,0.008,0.008,2300000.000
azi,2012-05-31,0.027,0.027,0.027,0.027,73005.000
azj,2012-05-31,3.310,3.410,3.410,3.290,9594898.000
azs,2012-05-31,0.458,0.478,0.478,0.458,5023.000
azy,2012-05-31,0.076,0.076,0.076,0.076,13176.000
bar,2012-05-31,0.017,0.015,0.017,0.015,136206.000
bas,2012-05-31,0.011,0.010,0.011,0.010,1306201.000
bbc,2012-05-31,1.200,1.300,1.300,1.200,118881.000
bcb,2012-05-31,6.685,6.685,6.685,6.685,774.000
bci,2012-05-31,2.282,2.239,2.359,2.239,567013.000
bcn,2012-05-31,0.005,0.005,0.005,0.005,130831.000
bct,2012-05-31,0.186,0.186,0.186,0.186,19226.000
bd1,2012-05-31,0.073,0.073,0.073,0.073,75212.000
bdc,2012-05-31,0.082,0.082,0.082,0.082,10367.000
bdi,2012-05-31,0.003,0.003,0.003,0.003,3300000.000
ben,2012-05-31,7.300,7.290,7.350,7.250,3602020.000
bfg,2012-05-31,0.461,0.486,0.486,0.461,7102.000
bga,2012-05-31,1.650,1.650,1.650,1.650,2000.000
bgl,2012-05-31,0.230,0.220,0.230,0.220,386270.000
bhp,2012-05-31,28.747,28.965,28.965,28.448,13321860.000
bid,2012-05-31,12.240,20.808,20.808,12.240,1920.000
bir,2012-05-31,0.325,0.325,0.325,0.325,1462.000
bis,2012-05-31,1.350,1.350,1.350,1.350,9209.000
bit,2012-05-31,0.114,0.114,0.114,0.114,15995.000
bki,2012-05-31,1.161,1.161,1.161,1.146,115369.000
bkl,2012-05-31,25.900,25.910,25.910,25.860,2094.000
bkt,2012-05-31,0.080,0.080,0.080,0.080,583500.000
bkw,2012-05-31,10.310,10.350,10.450,10.130,18939.000
bky,2012-05-31,0.370,0.415,0.415,0.370,229965.000
bld,2012-05-31,3.280,3.289,3.336,3.233,4218899.000
blg,2012-05-31,0.088,0.088,0.088,0.088,29392.000
blu,2012-05-31,0.064,0.068,0.068,0.064,1548541.000
blv,2012-05-31,0.572,0.572,0.572,0.572,33733.000
bly,2012-05-31,769.860,787.132,801.938,762.458,28192.000
bmg,2012-05-31,0.123,0.123,0.123,0.123,5376.000
bmn,2012-05-31,0.155,0.160,0.165,0.155,98904.000
bnl,2012-05-31,6.675,7.200,7.200,6.600,20474.000
bno,2012-05-31,0.308,0.358,0.358,0.308,59396.000
bnr,2012-05-31,0.017,0.017,0.017,0.017,126934.000
boc,2012-05-31,0.705,0.705,0.705,0.705,14029.000
bol,2012-05-31,0.230,0.230,0.240,0.225,153259.000
boq,2012-05-31,6.410,6.597,6.617,6.410,1958112.000
bot,2012-05-31,0.999,0.999,0.999,0.999,547.000
bph,2012-05-31,0.142,0.142,0.142,0.142,12384.000
bpp,2012-05-31,0.006,0.006,0.006,0.006,26500.000
bpt,2012-05-31,1.063,1.082,1.097,1.053,8909638.000
brg,2012-05-31,4.220,4.280,4.280,4.220,11133.000
brk,2012-05-31,17.500,17.400,17.900,16.900,387414.000
brn,2012-05-31,0.185,0.185,0.185,0.185,8634.000
bru,2012-05-31,3.095,3.378,3.387,2.977,5536517.000
brv,2012-05-31,0.725,0.750,0.750,0.710,228434.000
bsa,2012-05-31,0.192,0.192,0.192,0.192,436414.000
bse,2012-05-31,0.426,0.417,0.426,0.417,11535430.000
bsl,2012-05-31,2.040,2.070,2.070,2.010,1806467.000
bsm,2012-05-31,0.005,0.005,0.005,0.005,314005.000
bsp,2012-05-31,0.099,0.099,0.099,0.099,161551.000
bsr,2012-05-31,0.047,0.047,0.047,0.046,887300.000
btc,2012-05-31,0.042,0.042,0.042,0.042,17751.000
bud,2012-05-31,0.340,0.355,0.360,0.340,376905.000
bux,2012-05-31,0.140,0.140,0.140,0.140,45000.000
buy,2012-05-31,0.020,0.021,0.021,0.020,377446.000
bwf,2012-05-31,0.070,0.071,0.072,0.070,22119.000
bwp,2012-05-31,1.803,1.843,1.848,1.803,698752.000
bwr,2012-05-31,0.341,0.341,0.341,0.341,375362.000
bxb,2012-05-31,6.556,6.625,6.675,6.496,10132052.000
bxn,2012-05-31,0.164,0.164,0.164,0.161,424213.000
byi,2012-05-31,0.620,0.620,0.620,0.620,6000.000
caa,2012-05-31,0.170,0.170,0.170,0.170,38000.000
cad,2012-05-31,0.300,0.300,0.300,0.300,600.000
cae,2012-05-31,0.070,0.070,0.070,0.070,25000.000
cai,2012-05-31,8.250,8.250,8.250,8.250,273.000
caj,2012-05-31,0.048,0.048,0.048,0.048,80000.000
cap,2012-05-31,0.323,0.323,0.323,0.323,93786.000
car,2012-05-31,5.520,5.590,5.650,5.490,1255959.000
cay,2012-05-31,0.318,0.309,0.327,0.309,86414.000
caz,2012-05-31,0.300,0.315,0.320,0.290,263500.000
cba,2012-05-31,48.686,49.133,49.133,48.626,5474690.000
cce,2012-05-31,0.038,0.038,0.039,0.035,1101209.000
ccj,2012-05-31,0.275,0.300,0.300,0.275,152800.000
ccl,2012-05-31,12.650,12.850,12.870,12.645,2451617.000
ccp,2012-05-31,5.700,5.960,5.960,5.700,80614.000
ccv,2012-05-31,0.609,0.605,0.609,0.600,331729.000
ccx,2012-05-31,0.510,0.510,0.510,0.510,6774.000
cda,2012-05-31,1.410,1.370,1.410,1.370,18548.000
cdd,2012-05-31,1.910,1.923,1.949,1.894,1604351.000
cdp,2012-05-31,4.460,4.550,4.550,4.450,59034.000
cdt,2012-05-31,0.295,0.270,0.295,0.270,3864.000
cdy,2012-05-31,0.380,0.340,0.380,0.340,503255.000
ce1,2012-05-31,0.660,0.675,0.705,0.645,2054663.000
cel,2012-05-31,0.045,0.049,0.049,0.045,460000.000
cgf,2012-05-31,3.270,3.280,3.300,3.220,2866826.000
cgm,2012-05-31,0.058,0.058,0.058,0.058,200000.000
cgn,2012-05-31,57.681,63.449,63.449,57.681,898.000
cgr,2012-05-31,0.125,0.125,0.125,0.125,52002.000
chc,2012-05-31,2.140,2.250,2.250,2.140,581122.000
chn,2012-05-31,0.205,0.195,0.205,0.195,249180.000
chz,2012-05-31,0.332,0.332,0.332,0.313,4091620.000
cim,2012-05-31,17.510,17.670,17.820,17.460,1370536.000
cin,2012-05-31,15.820,15.550,16.100,15.550,4301.000
cio,2012-05-31,4.267,4.267,4.267,4.267,28.000
cka,2012-05-31,0.250,0.285,0.285,0.225,340192.000
ckf,2012-05-31,1.110,1.071,1.110,1.071,54098.000
cla,2012-05-31,54.000,54.000,54.000,54.000,0.000
clf,2012-05-31,1.045,1.045,1.045,1.045,3850.000
clh,2012-05-31,0.830,0.830,0.830,0.830,5000.000
clv,2012-05-31,0.380,0.370,0.380,0.370,29000.000
cmc,2012-05-31,0.160,0.179,0.179,0.155,49706.000
cmd,2012-05-31,0.128,0.128,0.128,0.128,231875.000
cmm,2012-05-31,0.443,0.438,0.452,0.409,388328.000
cmw,2012-05-31,0.699,0.694,0.704,0.689,594954.000
cni,2012-05-31,0.396,0.396,0.396,0.396,4002.000
cnu,2012-05-31,2.500,2.530,2.550,2.500,36433.000
cnw,2012-05-31,0.195,0.195,0.195,0.185,35003.000
coe,2012-05-31,0.372,0.369,0.376,0.363,307268.000
coh,2012-05-31,61.410,62.720,63.340,61.310,254673.000
coy,2012-05-31,0.035,0.035,0.035,0.035,11305.000
cpu,2012-05-31,7.750,7.790,7.840,7.710,1862992.000
cqe,2012-05-31,1.027,1.027,1.032,1.027,63158.000
cqr,2012-05-31,3.220,3.280,3.280,3.220,866174.000
crl,2012-05-31,0.051,0.051,0.051,0.051,53500.000
cse,2012-05-31,0.250,0.240,0.265,0.225,8854172.000
csl,2012-05-31,36.550,37.650,37.820,36.550,2283400.000
csr,2012-05-31,1.640,1.650,1.660,1.635,2978202.000
css,2012-05-31,0.544,0.544,0.544,0.527,25237.000
ct1,2012-05-31,0.309,0.309,0.309,0.309,6042.000
ctd,2012-05-31,2.031,2.031,2.031,2.031,2597.000
ctm,2012-05-31,6.036,6.036,6.036,6.036,3769.000
cto,2012-05-31,0.050,0.049,0.050,0.049,444084.000
ctp,2012-05-31,0.416,0.430,0.430,0.402,993359.000
cue,2012-05-31,0.245,0.270,0.270,0.245,1335128.000
cul,2012-05-31,0.462,0.480,0.480,0.462,6768.000
cup,2012-05-31,1.270,1.250,1.270,1.250,5000.000
cux,2012-05-31,0.056,0.056,0.056,0.056,8000.000
cvc,2012-05-31,0.895,0.895,0.900,0.895,46678.000
cvn,2012-05-31,0.125,0.120,0.125,0.115,4617604.000
cvv,2012-05-31,0.706,0.686,0.706,0.686,7439.000
cvw,2012-05-31,0.435,0.435,0.435,0.435,32882.000
cwl,2012-05-31,0.746,0.702,0.746,0.702,1851.000
cwn,2012-05-31,8.500,8.480,8.530,8.460,2566086.000
cwp,2012-05-31,3.510,3.550,3.550,3.510,30221.000
cwy,2012-05-31,0.776,0.806,0.815,0.776,7706450.000
cxm,2012-05-31,0.240,0.240,0.240,0.240,18500.000
cxo,2012-05-31,0.067,0.067,0.067,0.067,13019.000
cyg,2012-05-31,2.414,2.414,2.414,2.414,224.000
cyl,2012-05-31,0.510,0.510,0.510,0.510,32500.000
cym,2012-05-31,731.850,731.850,731.850,731.850,2.000
cyp,2012-05-31,0.100,0.100,0.100,0.100,5688.000
cyq,2012-05-31,0.384,0.451,0.451,0.384,80074.000
czi,2012-05-31,0.150,0.150,0.150,0.150,35000.000
czl,2012-05-31,0.452,0.452,0.452,0.417,111114.000
dcc,2012-05-31,1.143,1.143,1.143,0.857,2537.000
dcg,2012-05-31,2.700,2.800,2.800,2.680,333282.000
ddt,2012-05-31,0.023,0.023,0.023,0.023,15789.000
deg,2012-05-31,2.910,2.910,2.910,2.910,2413.000
dev,2012-05-31,0.019,0.019,0.019,0.019,142083.000
dgh,2012-05-31,0.444,0.424,0.444,0.424,2390.000
dgo,2012-05-31,0.860,0.947,0.947,0.860,1743.000
dgr,2012-05-31,0.069,0.067,0.069,0.066,622998.000
dhr,2012-05-31,0.020,0.020,0.020,0.020,53273.000
djw,2012-05-31,3.670,3.650,3.680,3.630,34041.000
dlc,2012-05-31,0.007,0.007,0.007,0.007,38798.000
dmg,2012-05-31,0.535,0.540,0.540,0.535,345000.000
dmp,2012-05-31,8.815,8.815,8.853,8.729,19022.000
dna,2012-05-31,0.500,0.520,0.520,0.500,22818.000
dnk,2012-05-31,0.962,0.972,0.996,0.957,405877.000
dow,2012-05-31,3.151,3.104,3.189,3.075,4239526.000
dre,2012-05-31,0.036,0.036,0.036,0.036,112.000
drx,2012-05-31,0.053,0.050,0.053,0.050,30732.000
dse,2012-05-31,6.667,6.667,6.667,6.667,600.000
dtl,2012-05-31,0.980,0.990,0.990,0.975,38892.000
dtz,2012-05-31,94.915,93.491,94.915,90.169,8724.000
dub,2012-05-31,0.500,0.500,0.500,0.500,15526.000
dui,2012-05-31,2.314,2.333,2.333,2.304,78485.000
dvn,2012-05-31,0.620,0.615,0.620,0.615,23398.000
dws,2012-05-31,1.425,1.410,1.440,1.400,72100.000
dxs,2012-05-31,5.580,5.640,5.670,5.550,7032181.000
dyl,2012-05-31,1.054,0.958,1.073,0.919,546787.000
e25,2012-05-31,0.245,0.220,0.250,0.220,72000.000
ecs,2012-05-31,0.001,0.001,0.001,0.001,27521024.000
ect,2012-05-31,0.016,0.018,0.018,0.016,17262424.000
ede,2012-05-31,0.012,0.014,0.014,0.012,244449.000
eeg,2012-05-31,1.275,1.355,1.355,1.275,90501.000
egg,2012-05-31,0.702,0.702,0.702,0.684,60810.000
egh,2012-05-31,0.100,0.100,0.100,0.100,2834.000
egn,2012-05-31,0.530,0.518,0.530,0.518,8730.000
egr,2012-05-31,0.138,0.267,0.340,0.138,3216421.000
ehl,2012-05-31,8.758,9.240,9.336,8.730,374962.000
eld,2012-05-31,1.583,1.501,1.583,1.501,1292910.000
ele,2012-05-31,1.005,0.900,1.005,0.900,15000.000
elt,2012-05-31,0.060,0.067,0.067,0.060,90563.000
em1,2012-05-31,0.479,0.479,0.479,0.479,5508.000
emp,2012-05-31,4.072,3.970,4.173,3.766,52095.000
emr,2012-05-31,0.230,0.240,0.240,0.230,112500.000
ena,2012-05-31,0.217,0.217,0.217,0.217,17170.000
enr,2012-05-31,0.270,0.300,0.300,0.250,87400.000
eos,2012-05-31,0.650,0.610,0.650,0.610,14369.000
eqt,2012-05-31,10.953,10.953,10.953,10.881,2069.000
eqx,2012-05-31,2.150,2.100,2.160,2.100,73811.000
era,2012-05-31,1.010,1.031,1.046,0.999,1015987.000
erg,2012-05-31,0.030,0.030,0.030,0.030,5000.000
erl,2012-05-31,0.069,0.074,0.074,0.066,624196.000
erx,2012-05-31,0.003,0.003,0.003,0.003,11845503.000
esl,2012-05-31,0.149,0.149,0.149,0.149,15710.000
esr,2012-05-31,0.607,0.696,0.696,0.607,153993.000
etpmag,2012-05-31,27.850,28.400,29.000,27.850,3186.000
evn,2012-05-31,1.413,1.487,1.496,1.409,1098089.000
evt,2012-05-31,6.350,6.540,6.550,6.350,28407.000
ewc,2012-05-31,0.415,0.430,0.430,0.400,6591681.000
exr,2012-05-31,0.807,0.822,0.822,0.807,7953.000
ezl,2012-05-31,1.255,1.255,1.255,1.255,321.000
fam,2012-05-31,0.800,0.800,0.800,0.800,88.000
far,2012-05-31,0.038,0.038,0.038,0.036,7376602.000
fbu,2012-05-31,4.563,4.629,4.677,4.524,475344.000
fct,2012-05-31,168.672,173.943,173.943,168.672,81.000
fdm,2012-05-31,1.090,1.130,1.135,1.055,4556435.000
fex,2012-05-31,0.028,0.028,0.028,0.028,300000.000
ffi,2012-05-31,3.490,3.490,3.490,3.490,1000.000
fgx,2012-05-31,492.800,517.000,517.000,484.000,13740.000
fin,2012-05-31,0.050,0.054,0.054,0.050,217642.000
flc,2012-05-31,4.700,4.900,4.900,4.700,1357.000
flt,2012-05-31,17.950,18.200,18.270,17.810,732592.000
fmg,2012-05-31,4.630,4.620,4.745,4.570,45237455.000
fml,2012-05-31,1.900,1.850,1.900,1.850,127922.000
fms,2012-05-31,0.134,0.134,0.138,0.134,19087390.000
fnt,2012-05-31,1.220,1.204,1.269,1.204,9368.000
fph,2012-05-31,1.650,1.590,1.650,1.580,35519.000
fpl,2012-05-31,1.706,1.787,1.787,1.706,44679.000
fri,2012-05-31,0.940,0.920,0.940,0.900,21876.000
frn,2012-05-31,0.170,0.170,0.170,0.170,2941.000
fsa,2012-05-31,0.370,0.370,0.370,0.370,100000.000
fsg,2012-05-31,0.092,0.092,0.092,0.092,21817.000
fsi,2012-05-31,1.180,1.150,1.180,1.150,11033.000
ftt,2012-05-31,0.468,0.477,0.477,0.468,189554.000
fwd,2012-05-31,11.288,11.376,11.424,11.240,195918.000
fxl,2012-05-31,2.213,2.213,2.242,2.213,591970.000
fyi,2012-05-31,0.054,0.054,0.054,0.054,18142.000
fzr,2012-05-31,0.179,0.179,0.179,0.179,53186.000
gap,2012-05-31,0.275,0.275,0.275,0.275,4500.000
gbe,2012-05-31,0.155,0.160,0.160,0.150,302176.000
gbp,2012-05-31,0.170,0.170,0.170,0.170,6548.000
gbz,2012-05-31,0.627,0.609,0.646,0.609,20769.000
gcr,2012-05-31,0.140,0.160,0.160,0.140,35750.000
gcy,2012-05-31,0.195,0.190,0.195,0.190,143435.000
gdg,2012-05-31,0.082,0.084,0.084,0.082,101778.000
gem,2012-05-31,0.900,0.950,0.950,0.900,354162.000
gev,2012-05-31,2.042,1.896,2.042,1.896,11357.000
gfl,2012-05-31,0.547,0.647,0.647,0.547,29149.000
gge,2012-05-31,0.023,0.023,0.023,0.023,1008143.000
ggg,2012-05-31,0.368,0.354,0.368,0.349,154070.000
ggx,2012-05-31,0.051,0.049,0.051,0.049,184250.000
gib,2012-05-31,0.061,0.061,0.061,0.061,22761.000
gid,2012-05-31,0.880,0.900,0.900,0.870,121906.000
gla,2012-05-31,0.063,0.061,0.064,0.061,566554.000
glb,2012-05-31,0.305,0.305,0.305,0.305,46600.000
gll,2012-05-31,0.139,0.149,0.149,0.139,58485.000
glv,2012-05-31,0.013,0.013,0.014,0.013,4967500.000
gmg,2012-05-31,3.400,3.380,3.450,3.350,19213539.000
gml,2012-05-31,0.035,0.035,0.035,0.035,15750.000
gmr,2012-05-31,1.602,1.602,1.671,1.602,10652.000
gnc,2012-05-31,4.150,4.154,4.163,4.119,4799863.000
gng,2012-05-31,1.110,1.045,1.120,1.000,2073066.000
gnm,2012-05-31,0.367,0.360,0.367,0.360,2970.000
gor,2012-05-31,0.204,0.199,0.204,0.194,358810.000
gow,2012-05-31,1.864,1.836,1.864,1.836,561.000
goz,2012-05-31,2.073,2.083,2.083,2.073,2674.000
gpt,2012-05-31,3.180,3.240,3.250,3.170,36929983.000
grb,2012-05-31,0.043,0.043,0.043,0.043,105602.000
grr,2012-05-31,0.495,0.525,0.527,0.490,764576.000
gtg,2012-05-31,0.140,0.149,0.154,0.140,627940.000
gud,2012-05-31,8.050,8.190,8.260,8.050,142448.000
gul,2012-05-31,0.088,0.088,0.088,0.088,5000.000
gwa,2012-05-31,2.176,2.181,2.209,2.154,805886.000
gxy,2012-05-31,1.017,1.051,1.068,1.000,600157.000
has,2012-05-31,0.100,0.105,0.105,0.100,226559.000
hav,2012-05-31,0.733,0.733,0.733,0.724,44597.000
haw,2012-05-31,0.200,0.200,0.200,0.200,270000.000
hcd,2012-05-31,0.436,0.377,0.436,0.377,186912.000
hch,2012-05-31,0.413,0.403,0.413,0.403,81270.000
hct,2012-05-31,0.060,0.060,0.060,0.060,10000.000
hgm,2012-05-31,0.020,0.019,0.020,0.019,307959.000
hgo,2012-05-31,1.680,1.641,1.680,1.641,47501.000
hhy,2012-05-31,1.180,1.180,1.185,1.171,135629.000
hil,2012-05-31,1.050,1.055,1.060,1.035,227798.000
hip,2012-05-31,0.092,0.092,0.092,0.092,41982.000
hls,2012-05-31,2.672,2.701,2.711,2.672,4743779.000
hlx,2012-05-31,0.037,0.037,0.037,0.037,15505.000
hmx,2012-05-31,0.720,0.720,0.720,0.720,54799.000
hng,2012-05-31,0.811,0.811,0.811,0.792,31428.000
hog,2012-05-31,0.215,0.215,0.220,0.205,1434763.000
hor,2012-05-31,0.210,0.210,0.210,0.210,55000.000
hrr,2012-05-31,1.021,0.983,1.021,0.983,2570.000
hrz,2012-05-31,0.093,0.093,0.093,0.093,37500.000
hsn,2012-05-31,0.895,0.900,0.900,0.890,4120.000
ht1,2012-05-31,3.915,3.992,3.992,3.838,384731.000
hta,2012-05-31,0.041,0.041,0.041,0.041,10000.000
hub,2012-05-31,1.419,1.482,1.482,1.419,1094.000
hvn,2012-05-31,1.879,1.870,1.908,1.870,3401890.000
hwh,2012-05-31,0.066,0.066,0.066,0.066,52865.000
hwk,2012-05-31,18.000,18.000,18.000,17.000,9119.000
hzn,2012-05-31,0.256,0.266,0.271,0.256,1801628.000
iaa,2012-05-31,41.400,41.380,41.400,41.080,1186.000
iaf,2012-05-31,105.450,105.200,105.450,105.200,759.000
iag,2012-05-31,3.327,3.317,3.337,3.297,5325733.000
ibc,2012-05-31,0.482,0.482,0.482,0.482,10262.000
ibg,2012-05-31,0.155,0.170,0.175,0.150,140000.000
icn,2012-05-31,0.195,0.200,0.200,0.195,403250.000
ics,2012-05-31,0.180,0.180,0.180,0.180,14511.000
iec,2012-05-31,0.230,0.230,0.230,0.225,1320756.000
iem,2012-05-31,38.550,38.690,40.120,38.470,5875.000
ieu,2012-05-31,33.160,33.190,33.190,32.940,2738.000
ifl,2012-05-31,5.510,5.580,5.620,5.490,725367.000
ifm,2012-05-31,0.205,0.210,0.210,0.205,195000.000
ifn,2012-05-31,0.211,0.211,0.216,0.211,990566.000
ige,2012-05-31,0.200,0.200,0.200,0.200,25200.000
ign,2012-05-31,0.435,0.435,0.435,0.435,33021.000
igo,2012-05-31,3.490,3.590,3.600,3.450,802482.000
ijp,2012-05-31,36.400,36.520,36.520,36.400,4115.000
ijr,2012-05-31,36.335,36.335,36.335,36.335,860.000
ikw,2012-05-31,0.091,0.085,0.091,0.081,476537.000
ilu,2012-05-31,13.250,13.400,13.490,13.010,3275165.000
ima,2012-05-31,0.314,0.314,0.314,0.314,2103.000
imc,2012-05-31,0.446,0.421,0.446,0.421,61253.000
imd,2012-05-31,2.000,2.100,2.185,1.980,1766324.000
ime,2012-05-31,7.200,7.200,7.200,7.200,288.000
imm,2012-05-31,1.264,1.264,1.306,1.222,629208.000
ims,2012-05-31,0.018,0.019,0.019,0.018,103206.000
imu,2012-05-31,0.013,0.013,0.013,0.013,126133.000
inr,2012-05-31,0.057,0.057,0.057,0.057,27974.000
inv,2012-05-31,0.543,0.543,0.543,0.543,2321.000
iod,2012-05-31,0.100,0.100,0.100,0.100,796.000
ioo,2012-05-31,29.190,29.310,29.310,29.005,7660.000
ioz,2012-05-31,17.680,17.760,17.760,17.630,21261.000
ipl,2012-05-31,2.780,2.840,2.860,2.770,12505193.000
ird,2012-05-31,0.364,0.374,0.374,0.364,16681.000
ire,2012-05-31,5.823,5.921,5.969,5.813,602155.000
iri,2012-05-31,0.650,0.655,0.670,0.640,65338.000
isx,2012-05-31,0.004,0.005,0.005,0.004,3850000.000
ivc,2012-05-31,8.050,8.190,8.220,8.050,206133.000
ive,2012-05-31,49.000,48.860,49.000,48.810,1281.000
ivo,2012-05-31,6.000,6.000,6.000,6.000,69.000
ivr,2012-05-31,0.186,0.191,0.191,0.181,1911597.000
ivv,2012-05-31,136.640,136.000,141.580,135.660,20447.000
ivx,2012-05-31,0.044,0.044,0.044,0.044,8763193.000
ivz,2012-05-31,0.250,0.250,0.250,0.250,7510.000
izz,2012-05-31,34.300,33.950,34.300,33.800,26935.000
jal,2012-05-31,0.315,0.340,0.340,0.315,92094.000
jat,2012-05-31,0.047,0.047,0.047,0.047,53462.000
jbh,2012-05-31,8.871,9.059,9.118,8.861,676936.000
jhg,2012-05-31,15.400,15.600,15.650,15.250,406177.000
jhx,2012-05-31,7.320,7.420,7.520,7.320,3811510.000
jin,2012-05-31,1.245,1.250,1.260,1.205,150228.000
jka,2012-05-31,0.141,0.129,0.141,0.129,2373539.000
jpr,2012-05-31,0.444,0.444,0.444,0.444,10481.000
jrl,2012-05-31,0.206,0.206,0.206,0.206,1019.000
kai,2012-05-31,0.167,0.167,0.167,0.157,11164.000
kam,2012-05-31,0.350,0.350,0.350,0.350,45000.000
kar,2012-05-31,4.184,4.450,4.469,4.138,888039.000
kas,2012-05-31,25.500,26.000,26.000,25.000,3192.000
kbc,2012-05-31,0.099,0.110,0.110,0.099,8716478.000
kcn,2012-05-31,4.835,4.987,5.035,4.769,742568.000
key,2012-05-31,0.035,0.031,0.035,0.031,1549110.000
kfe,2012-05-31,0.172,0.172,0.172,0.167,221365.000
kgd,2012-05-31,0.131,0.136,0.142,0.131,462550.000
kgl,2012-05-31,0.760,0.794,0.794,0.760,16060.000
kgm,2012-05-31,0.188,0.185,0.188,0.185,22405.000
kis,2012-05-31,0.086,0.084,0.086,0.084,17982.000
kkl,2012-05-31,0.183,0.183,0.183,0.183,5183.000
kko,2012-05-31,0.195,0.195,0.195,0.190,155750.000
kmd,2012-05-31,0.805,0.788,0.805,0.777,796896.000
kmt,2012-05-31,99.572,99.572,99.572,99.572,51.000
knm,2012-05-31,0.030,0.030,0.030,0.030,107707.000
kor,2012-05-31,0.125,0.120,0.125,0.120,293975.000
kov,2012-05-31,4.520,4.520,4.520,4.520,249.000
kpo,2012-05-31,0.016,0.016,0.016,0.016,427090.000
krm,2012-05-31,1.190,1.210,1.210,1.177,366289.000
krr,2012-05-31,0.061,0.052,0.061,0.052,1338483.000
krs,2012-05-31,0.130,0.130,0.130,0.130,35255.000
kte,2012-05-31,0.027,0.027,0.027,0.027,14752.000
kza,2012-05-31,0.902,0.902,0.902,0.902,3840.000
law,2012-05-31,0.006,0.007,0.007,0.006,548258.000
lck,2012-05-31,0.059,0.059,0.059,0.059,3888.000
lcl,2012-05-31,130.425,135.642,135.642,130.425,1949.000
lcm,2012-05-31,1.080,1.090,1.090,1.080,72911.000
lct,2012-05-31,0.055,0.053,0.055,0.053,341641.000
lcy,2012-05-31,0.070,0.073,0.073,0.070,411705.000
leg,2012-05-31,0.020,0.021,0.021,0.020,1537531.000
lep,2012-05-31,2.180,2.180,2.190,2.170,16205.000
lic,2012-05-31,0.844,0.806,0.844,0.806,1257.000
lin,2012-05-31,1.801,1.896,1.896,1.801,40398.000
lko,2012-05-31,0.006,0.005,0.006,0.005,6842445.000
llc,2012-05-31,7.330,7.340,7.370,7.260,1675732.000
llo,2012-05-31,0.437,0.437,0.437,0.437,2477.000
lml,2012-05-31,0.132,0.136,0.136,0.132,20227.000
lng,2012-05-31,0.330,0.330,0.330,0.310,316810.000
lom,2012-05-31,0.214,0.214,0.214,0.214,53065.000
lpd,2012-05-31,0.073,0.073,0.073,0.073,1205147.000
lrs,2012-05-31,6.562,6.562,6.562,6.562,777.000
lsa,2012-05-31,6.250,6.250,6.250,6.250,8773.000
lsr,2012-05-31,0.035,0.038,0.038,0.035,79471.000
ltr,2012-05-31,0.037,0.037,0.037,0.037,96069.000
lvt,2012-05-31,0.950,1.000,1.000,0.900,18320.000
lyc,2012-05-31,10.150,10.350,10.600,9.950,2517917.000
lyl,2012-05-31,6.550,6.400,6.550,6.400,3645.000
m7t,2012-05-31,0.800,0.800,0.800,0.800,2474.000
mah,2012-05-31,0.615,0.645,0.645,0.610,1722796.000
maq,2012-05-31,9.200,9.200,9.200,9.200,2000.000
mar,2012-05-31,1.300,1.300,1.300,1.300,5000.000
mat,2012-05-31,0.114,0.118,0.118,0.114,11000.000
may,2012-05-31,0.260,0.260,0.265,0.250,3177275.000
mbk,2012-05-31,0.054,0.048,0.054,0.048,810591.000
mbm,2012-05-31,2.940,2.800,2.940,2.800,992.000
mca,2012-05-31,0.065,0.070,0.070,0.065,248076.000
mce,2012-05-31,2.120,2.080,2.180,2.080,666750.000
mcm,2012-05-31,10.900,10.200,10.900,10.000,400357.000
mcp,2012-05-31,1.780,1.790,1.800,1.775,62579.000
mcr,2012-05-31,0.670,0.700,0.700,0.670,317544.000
mdi,2012-05-31,0.140,0.143,0.143,0.137,373432.000
mdr,2012-05-31,1.190,1.155,1.190,1.155,12571.000
meb,2012-05-31,0.156,0.156,0.156,0.156,1284.000
mel,2012-05-31,0.260,0.265,0.265,0.255,229238.000
mem,2012-05-31,0.316,0.316,0.316,0.316,2308.000
mep,2012-05-31,0.170,0.170,0.170,0.170,22083.000
meu,2012-05-31,0.035,0.035,0.035,0.035,20969.000
mey,2012-05-31,1.300,1.400,1.400,1.300,7533.000
mff,2012-05-31,0.827,0.827,0.827,0.822,79891.000
mfg,2012-05-31,2.000,2.050,2.050,2.000,52836.000
mgl,2012-05-31,0.042,0.042,0.042,0.042,33334.000
mgr,2012-05-31,1.220,1.230,1.240,1.212,19511912.000
mgt,2012-05-31,0.097,0.097,0.097,0.097,63691.000
mgv,2012-05-31,0.075,0.075,0.075,0.075,35000.000
mgx,2012-05-31,0.905,0.970,0.990,0.900,6698547.000
mgz,2012-05-31,0.017,0.015,0.017,0.015,104132.000
mhc,2012-05-31,0.200,0.200,0.200,0.200,10000.000
mhi,2012-05-31,0.140,0.140,0.140,0.140,5000.000
min,2012-05-31,9.750,10.020,10.050,9.600,1055464.000
mir,2012-05-31,1.825,1.805,1.825,1.805,50916.000
mld,2012-05-31,2.080,2.120,2.200,2.060,200695.000
mll,2012-05-31,0.118,0.118,0.118,0.118,5466.000
mlm,2012-05-31,0.152,0.145,0.152,0.145,231249.000
mls,2012-05-31,0.047,0.036,0.047,0.035,2660174.000
mlt,2012-05-31,3.048,2.992,3.048,2.990,64290.000
mlx,2012-05-31,0.599,0.618,0.618,0.543,136585.000
mmi,2012-05-31,0.260,0.280,0.280,0.256,370570.000
mml,2012-05-31,5.130,5.250,5.250,5.110,627889.000
mmr,2012-05-31,0.084,0.084,0.084,0.084,146920.000
mms,2012-05-31,10.980,11.160,11.190,10.840,159318.000
mnb,2012-05-31,0.078,0.078,0.078,0.078,60530.000
mnd,2012-05-31,21.090,21.480,21.585,20.970,820545.000
mnf,2012-05-31,0.500,0.500,0.520,0.495,151850.000
mns,2012-05-31,0.145,0.140,0.150,0.140,49357.000
mnw,2012-05-31,0.020,0.020,0.020,0.020,40000.000
mny,2012-05-31,0.369,0.369,0.369,0.369,1891.000
moc,2012-05-31,1.330,1.330,1.330,1.330,54416.000
moy,2012-05-31,0.387,0.408,0.408,0.387,171171.000
mpo,2012-05-31,0.565,0.590,0.590,0.560,174041.000
mqg,2012-05-31,26.060,26.522,26.699,26.050,4600680.000
mrc,2012-05-31,0.049,0.060,0.060,0.049,54135.000
mrm,2012-05-31,2.583,2.645,2.650,2.574,476305.000
mrq,2012-05-31,0.095,0.095,0.095,0.095,15789.000
mrr,2012-05-31,0.131,0.131,0.131,0.131,12257.000
mrv,2012-05-31,0.008,0.008,0.009,0.008,1494334.000
msb,2012-05-31,6.366,6.603,6.782,6.366,1268878.000
msg,2012-05-31,1.751,1.751,1.751,1.751,249.000
msr,2012-05-31,0.075,0.075,0.075,0.075,151200.000
msv,2012-05-31,0.332,0.346,0.360,0.332,211393.000
mth,2012-05-31,0.358,0.358,0.358,0.358,6011.000
mtl,2012-05-31,0.025,0.025,0.025,0.020,1699999.000
mts,2012-05-31,3.910,3.820,3.920,3.820,7605637.000
mvp,2012-05-31,0.790,0.790,0.790,0.790,16250.000
mwr,2012-05-31,0.037,0.037,0.037,0.037,52674.000
mxi,2012-05-31,0.600,0.600,0.600,0.595,2715528.000
mye,2012-05-31,2.300,2.300,2.300,2.210,15988.000
myr,2012-05-31,1.840,1.802,1.849,1.798,5942881.000
mys,2012-05-31,3.090,3.100,3.160,3.090,11480.000
myx,2012-05-31,0.246,0.260,0.260,0.246,111249.000
nab,2012-05-31,22.104,22.163,22.321,21.941,28848008.000
nae,2012-05-31,0.081,0.081,0.081,0.081,200.000
nan,2012-05-31,0.500,0.495,0.500,0.495,115000.000
nck,2012-05-31,1.320,1.320,1.320,1.320,5000.000
ncm,2012-05-31,24.500,24.920,25.150,24.430,3410392.000
ncr,2012-05-31,0.255,0.260,0.270,0.250,93387.000
ncz,2012-05-31,0.248,0.270,0.270,0.236,157858.000
nea,2012-05-31,0.045,0.045,0.045,0.045,145000.000
neu,2012-05-31,0.500,0.500,0.500,0.480,209017.000
nge,2012-05-31,1.100,1.100,1.100,1.040,12167.000
ngi,2012-05-31,0.705,0.750,0.750,0.700,112005.000
nhc,2012-05-31,4.160,4.160,4.210,4.110,163239.000
nhf,2012-05-31,1.555,1.565,1.565,1.550,85340.000
nml,2012-05-31,0.185,0.185,0.185,0.185,5138.000
nmt,2012-05-31,0.180,0.185,0.185,0.180,6082699.000
nor,2012-05-31,0.544,0.559,0.559,0.544,32503.000
nsc,2012-05-31,0.995,0.990,1.005,0.990,40771.000
nse,2012-05-31,0.520,0.590,0.590,0.510,2324313.000
nst,2012-05-31,0.650,0.675,0.705,0.640,7615768.000
ntm,2012-05-31,0.033,0.035,0.035,0.033,48500.000
ntu,2012-05-31,0.300,0.315,0.325,0.300,165664.000
nuf,2012-05-31,4.602,4.746,4.813,4.602,913324.000
nvo,2012-05-31,0.048,0.042,0.048,0.042,247721.000
nwe,2012-05-31,0.059,0.059,0.061,0.058,2332002.000
nwh,2012-05-31,3.310,3.340,3.450,3.250,2123073.000
nxe,2012-05-31,249.165,249.165,265.776,232.554,742.000
nxm,2012-05-31,0.085,0.085,0.085,0.085,3092.000
nxt,2012-05-31,1.716,1.775,1.785,1.711,139671.000
nzs,2012-05-31,0.140,0.133,0.140,0.133,120069.000
oau,2012-05-31,0.069,0.067,0.069,0.067,23617.000
obl,2012-05-31,1.379,1.419,1.419,1.379,149707.000
ocl,2012-05-31,0.330,0.325,0.330,0.325,14867.000
oda,2012-05-31,0.726,0.798,0.798,0.726,26805.000
oec,2012-05-31,0.265,0.265,0.265,0.265,11418.000
oel,2012-05-31,0.081,0.079,0.081,0.079,664042.000
oex,2012-05-31,0.119,0.119,0.119,0.115,235386.000
ogc,2012-05-31,1.775,1.860,1.870,1.765,737435.000
oil,2012-05-31,0.086,0.088,0.088,0.086,76072.000
okj,2012-05-31,0.185,0.190,0.205,0.185,55294.000
oku,2012-05-31,0.220,0.220,0.220,0.220,7500.000
omh,2012-05-31,0.410,0.405,0.410,0.380,219023.000
ont,2012-05-31,5.280,5.270,5.290,5.270,3600.000
onx,2012-05-31,0.069,0.069,0.069,0.069,9242.000
ooo,2012-05-31,47.790,47.790,47.790,47.790,100.000
opl,2012-05-31,41.492,41.492,41.492,41.492,14.000
opt,2012-05-31,0.411,0.469,0.469,0.411,64176.000
ore,2012-05-31,1.255,1.265,1.315,1.255,60550.000
org,2012-05-31,11.372,11.267,11.399,11.215,5301612.000
ori,2012-05-31,24.660,24.760,25.000,24.340,1583940.000
orm,2012-05-31,0.145,0.150,0.155,0.145,2286447.000
osh,2012-05-31,6.567,6.636,6.636,6.528,4524100.000
osp,2012-05-31,0.396,0.376,0.396,0.376,2690.000
ovt,2012-05-31,0.380,0.385,0.385,0.380,51313.000
oxx,2012-05-31,0.145,0.140,0.145,0.140,22000.000
ozg,2012-05-31,0.170,0.170,0.170,0.170,20000.000
ozl,2012-05-31,8.500,8.720,8.750,8.490,2750370.000
pab,2012-05-31,0.022,0.022,0.023,0.022,395126.000
pac,2012-05-31,4.070,4.070,4.070,4.070,4500.000
pak,2012-05-31,0.318,0.345,0.345,0.318,16530.000
pan,2012-05-31,0.693,0.716,0.716,0.693,925604.000
pbp,2012-05-31,0.260,0.265,0.265,0.260,54278.000
pcg,2012-05-31,3.410,3.400,3.410,3.350,29760.000
pcl,2012-05-31,0.155,0.165,0.165,0.150,2424927.000
pdl,2012-05-31,1.800,1.775,1.845,1.765,670517.000
pdn,2012-05-31,1.141,1.172,1.185,1.134,8326993.000
pdz,2012-05-31,0.130,0.130,0.130,0.130,12000.000
pek,2012-05-31,0.281,0.281,0.286,0.271,362731.000
pen,2012-05-31,1.431,1.391,1.471,1.391,105819.000
pet,2012-05-31,0.050,0.047,0.050,0.047,201239.000
pex,2012-05-31,0.089,0.089,0.089,0.089,552.000
pfg,2012-05-31,0.120,0.120,0.120,0.120,3368.000
pft,2012-05-31,17.101,17.101,17.509,16.694,38245.000
pgi,2012-05-31,1.417,1.464,1.464,1.417,75244.000
pgy,2012-05-31,7.429,7.058,7.429,7.058,442.000
pia,2012-05-31,0.717,0.717,0.717,0.707,98366.000
pio,2012-05-31,0.016,0.016,0.016,0.016,655000.000
pko,2012-05-31,0.555,0.574,0.612,0.555,9069.000
pm8,2012-05-31,0.800,0.800,0.800,0.800,5000.000
pmc,2012-05-31,0.961,0.966,0.966,0.961,63795.000
pme,2012-05-31,0.295,0.295,0.295,0.295,2998.000
pmv,2012-05-31,4.760,4.790,4.810,4.720,91059.000
pni,2012-05-31,0.255,0.250,0.255,0.250,22438.000
pnn,2012-05-31,0.041,0.041,0.041,0.041,13105.000
pnr,2012-05-31,0.198,0.193,0.208,0.193,308967.000
pnv,2012-05-31,0.046,0.044,0.046,0.044,85000.000
pnw,2012-05-31,0.230,0.245,0.245,0.230,87976.000
pnx,2012-05-31,0.088,0.080,0.092,0.077,2396425.000
po3,2012-05-31,11.200,11.200,11.200,11.200,496.000
pos,2012-05-31,0.105,0.110,0.110,0.105,172694.000
pow,2012-05-31,0.761,0.785,0.785,0.737,35922.000
ppc,2012-05-31,0.765,0.820,0.840,0.760,1142309.000
pps,2012-05-31,0.067,0.067,0.067,0.067,10102.000
ppt,2012-05-31,21.970,22.120,22.290,21.730,198399.000
ppy,2012-05-31,0.028,0.028,0.028,0.028,1356.000
prm,2012-05-31,26.598,27.152,27.706,25.490,9061.000
prn,2012-05-31,3.066,3.152,3.190,3.066,1419536.000
pro,2012-05-31,0.230,0.230,0.230,0.230,4075.000
prt,2012-05-31,0.700,0.700,0.700,0.700,2000.000
pru,2012-05-31,2.543,2.573,2.583,2.513,1785481.000
prx,2012-05-31,0.569,0.598,0.598,0.554,359328.000
psa,2012-05-31,0.147,0.147,0.147,0.147,95432.000
ptl,2012-05-31,1.172,1.172,1.172,1.172,42609.000
ptm,2012-05-31,3.880,3.940,4.040,3.860,1265645.000
ptr,2012-05-31,0.569,0.569,0.569,0.556,3165.000
pua,2012-05-31,3.000,2.875,3.000,2.750,3270.000
pur,2012-05-31,5.075,5.075,5.075,5.075,2759.000
pve,2012-05-31,0.044,0.042,0.044,0.042,472282.000
pwn,2012-05-31,0.213,0.227,0.227,0.213,32805.000
pxs,2012-05-31,1.055,1.155,1.155,1.040,851460.000
pyc,2012-05-31,0.037,0.037,0.037,0.037,542084.000
qan,2012-05-31,1.465,1.490,1.500,1.465,5133324.000
qbe,2012-05-31,12.300,12.380,12.450,12.190,8401548.000
qfy,2012-05-31,26.560,25.861,26.560,25.162,9424.000
qhl,2012-05-31,0.149,0.149,0.149,0.149,6234.000
qpr,2012-05-31,48.500,48.500,48.500,48.500,126.000
qtg,2012-05-31,0.380,0.360,0.380,0.360,5742.000
qtm,2012-05-31,0.020,0.020,0.020,0.020,17327.000
qub,2012-05-31,1.443,1.472,1.472,1.443,1105012.000
rag,2012-05-31,20.714,20.714,20.714,20.714,72.000
rdf,2012-05-31,1.914,2.101,2.101,1.876,91186.000
rdh,2012-05-31,0.105,0.110,0.110,0.105,51883.000
rdn,2012-05-31,0.682,0.652,0.741,0.652,22912.000
rds,2012-05-31,0.120,0.120,0.120,0.120,34778.000
rea,2012-05-31,13.710,14.020,14.220,13.700,109137.000
red,2012-05-31,1.285,1.335,1.350,1.280,179150.000
reh,2012-05-31,3.558,3.556,3.562,3.556,9167.000
res,2012-05-31,0.320,0.300,0.330,0.300,213500.000
rey,2012-05-31,0.575,0.575,0.575,0.550,125100.000
rfg,2012-05-31,2.690,2.700,2.700,2.610,15988.000
rfx,2012-05-31,0.080,0.080,0.080,0.077,134012.000
rhc,2012-05-31,20.950,21.570,21.790,20.910,1128918.000
rhi,2012-05-31,1.838,1.796,1.838,1.796,5603.000
ric,2012-05-31,1.020,1.010,1.020,1.000,148692.000
rim,2012-05-31,0.028,0.028,0.028,0.028,235796.000
rio,2012-05-31,55.900,56.860,57.070,55.880,4396221.000
rkn,2012-05-31,1.938,1.948,1.976,1.938,44613.000
rmc,2012-05-31,0.575,0.575,0.575,0.575,7909.000
rmd,2012-05-31,3.190,3.170,3.220,3.160,9027433.000
rmi,2012-05-31,0.100,0.100,0.100,0.100,25000.000
rmp,2012-05-31,0.280,0.280,0.280,0.275,208066.000
rms,2012-05-31,0.458,0.468,0.478,0.453,1239238.000
rnd,2012-05-31,0.420,0.420,0.420,0.420,3500.000
rne,2012-05-31,1.122,1.122,1.169,1.075,135108.000
rno,2012-05-31,1.100,1.100,1.100,1.100,6000.000
rnt,2012-05-31,0.291,0.291,0.291,0.291,5807.000
rnu,2012-05-31,0.061,0.061,0.061,0.061,6097.000
rnx,2012-05-31,0.028,0.028,0.028,0.024,1964513.000
rny,2012-05-31,0.155,0.155,0.155,0.155,88500.000
rog,2012-05-31,0.300,0.300,0.350,0.300,7689.000
rpm,2012-05-31,0.050,0.050,0.050,0.050,400.000
rrl,2012-05-31,3.800,3.870,3.930,3.800,2360191.000
rsg,2012-05-31,1.460,1.515,1.515,1.445,6045081.000
rsh,2012-05-31,0.055,0.055,0.055,0.055,136910.000
rul,2012-05-31,0.400,0.400,0.400,0.400,86396.000
rwd,2012-05-31,0.684,0.708,0.708,0.660,74093.000
rxl,2012-05-31,0.022,0.020,0.022,0.020,859901.000
rxm,2012-05-31,0.870,1.045,1.070,0.865,717845.000
rxp,2012-05-31,0.500,0.500,0.500,0.500,1900.000
sar,2012-05-31,0.487,0.515,0.515,0.487,2072672.000
sas,2012-05-31,0.017,0.017,0.017,0.017,1159149.000
sau,2012-05-31,0.608,0.608,0.608,0.608,8992.000
sbm,2012-05-31,1.898,1.946,1.946,1.884,1317403.000
scg,2012-05-31,2.720,2.720,2.730,2.700,18017601.000
sdg,2012-05-31,0.885,0.885,0.885,0.880,95281.000
sdl,2012-05-31,0.420,0.420,0.425,0.410,16057875.000
sdv,2012-05-31,0.074,0.074,0.074,0.074,11347.000
sei,2012-05-31,0.096,0.091,0.096,0.091,575706.000
sek,2012-05-31,6.700,6.850,6.880,6.610,1388209.000
sen,2012-05-31,0.009,0.009,0.009,0.009,481685.000
ser,2012-05-31,0.017,0.018,0.019,0.017,863240.000
ses,2012-05-31,0.468,0.468,0.468,0.468,16017.000
sf1,2012-05-31,15.185,14.893,15.185,14.893,154.000
sfg,2012-05-31,0.127,0.127,0.127,0.127,117931.000
sfm,2012-05-31,0.410,0.400,0.410,0.400,2530.000
sfr,2012-05-31,7.250,7.500,7.500,7.180,808733.000
sfy,2012-05-31,40.000,40.050,40.050,39.730,11678.000
sgh,2012-05-31,145.458,145.458,145.458,145.458,13.000
sgm,2012-05-31,11.000,10.970,11.000,10.680,1899502.000
sgp,2012-05-31,3.200,3.190,3.230,3.180,15616679.000
sgq,2012-05-31,0.089,0.089,0.089,0.089,10000.000
sgr,2012-05-31,4.139,4.206,4.206,4.119,15643248.000
shk,2012-05-31,0.014,0.015,0.015,0.014,339000.000
shl,2012-05-31,12.250,12.200,12.260,12.170,3737494.000
sho,2012-05-31,2.400,2.400,2.400,2.400,94583.000
shv,2012-05-31,1.360,1.360,1.390,1.360,27274.000
si6,2012-05-31,0.169,0.177,0.177,0.169,3702.000
sig,2012-05-31,0.590,0.610,0.635,0.585,3592857.000
sih,2012-05-31,0.135,0.131,0.135,0.131,149191.000
sit,2012-05-31,0.148,0.148,0.148,0.148,10115.000
siv,2012-05-31,3.201,3.142,3.201,3.142,9960.000
six,2012-05-31,0.642,0.642,0.642,0.642,234.000
ski,2012-05-31,1.478,1.518,1.533,1.478,20438094.000
skt,2012-05-31,3.880,3.880,3.880,3.880,4787.000
slf,2012-05-31,7.770,7.850,7.850,7.770,34616.000
slm,2012-05-31,2.248,2.071,2.248,1.993,1839310.000
slr,2012-05-31,2.640,2.780,2.780,2.620,1283300.000
slx,2012-05-31,3.640,3.610,3.680,3.570,124692.000
smr,2012-05-31,0.480,0.476,0.480,0.451,616950.000
snd,2012-05-31,0.451,0.466,0.466,0.451,12022.000
sns,2012-05-31,1.300,1.300,1.350,1.300,17970.000
so4,2012-05-31,1.937,1.912,1.937,1.886,12635.000
sol,2012-05-31,13.280,13.340,13.350,13.260,17731.000
sop,2012-05-31,0.279,0.279,0.279,0.279,3254.000
spk,2012-05-31,1.955,2.000,2.020,1.955,4356173.000
spl,2012-05-31,1.570,1.585,1.670,1.560,4503978.000
spq,2012-05-31,0.037,0.038,0.038,0.037,100346.000
spx,2012-05-31,0.130,0.101,0.130,0.097,968028.000
spz,2012-05-31,0.283,0.292,0.292,0.278,337810.000
srg,2012-05-31,1.340,1.360,1.370,1.340,31709.000
sri,2012-05-31,1.380,1.380,1.380,1.320,17409.000
srk,2012-05-31,0.135,0.135,0.135,0.120,82346.000
srn,2012-05-31,0.069,0.069,0.069,0.069,70004.000
srv,2012-05-31,2.880,2.810,2.880,2.810,1923.000
srz,2012-05-31,0.077,0.077,0.077,0.077,3000.000
ssm,2012-05-31,0.294,0.303,0.303,0.294,161821.000
st1,2012-05-31,1.116,1.116,1.116,1.116,896.000
sta,2012-05-31,1.227,1.227,1.227,1.173,14977.000
stc,2012-05-31,0.125,0.125,0.125,0.125,420000.000
stm,2012-05-31,1.071,1.071,1.071,1.071,16334.000
sto,2012-05-31,10.451,10.442,10.468,10.250,8101478.000
stw,2012-05-31,38.440,38.750,38.820,38.360,1653589.000
stx,2012-05-31,0.158,0.163,0.163,0.153,723525.000
sul,2012-05-31,7.110,7.100,7.280,7.040,1179308.000
sun,2012-05-31,7.951,7.992,8.023,7.899,4504123.000
svl,2012-05-31,1.893,1.922,1.978,1.837,27330.000
svw,2012-05-31,8.290,8.410,8.460,8.180,270652.000
swk,2012-05-31,0.285,0.280,0.285,0.275,150606.000
swm,2012-05-31,2.228,2.237,2.291,2.228,6679002.000
sxl,2012-05-31,1.255,1.285,1.295,1.255,1885667.000
sxx,2012-05-31,0.011,0.011,0.011,0.011,4800.000
sxy,2012-05-31,0.846,0.890,0.890,0.822,3236357.000
syd,2012-05-31,2.820,2.900,2.900,2.820,4294774.000
syr,2012-05-31,2.821,2.762,2.959,2.614,3005441.000
sys,2012-05-31,0.004,0.005,0.005,0.004,315000.000
syt,2012-05-31,0.054,0.054,0.054,0.054,36844.000
t3d,2012-05-31,0.036,0.036,0.036,0.036,31250.000
tah,2012-05-31,2.881,2.871,2.911,2.851,9810001.000
tam,2012-05-31,0.501,0.504,0.510,0.501,713826.000
tap,2012-05-31,0.583,0.558,0.583,0.550,433328.000
tas,2012-05-31,0.081,0.079,0.081,0.079,85415.000
tbl,2012-05-31,0.836,0.836,0.836,0.836,179.000
tbr,2012-05-31,1.220,1.220,1.220,1.210,7000.000
tcl,2012-05-31,5.370,5.447,5.447,5.370,4966903.000
td1,2012-05-31,0.351,0.368,0.368,0.351,122319.000
tdl,2012-05-31,0.108,0.108,0.108,0.108,21022.000
teg,2012-05-31,0.347,0.347,0.347,0.347,11850.000
tek,2012-05-31,119.366,110.184,119.366,110.184,274.000
ter,2012-05-31,5.341,5.790,5.790,5.291,81097.000
tfl,2012-05-31,0.163,0.163,0.163,0.163,379.000
tga,2012-05-31,1.445,1.431,1.445,1.426,892090.000
tgg,2012-05-31,0.671,0.671,0.671,0.671,56353.000
tgm,2012-05-31,1.000,1.200,1.200,1.000,20000.000
tgr,2012-05-31,1.340,1.355,1.380,1.330,271443.000
thd,2012-05-31,0.049,0.049,0.049,0.049,22500.000
thr,2012-05-31,0.650,0.650,0.675,0.625,57800.000
tia,2012-05-31,1.294,1.294,1.294,1.294,12.000
tig,2012-05-31,0.164,0.164,0.164,0.164,29923.000
tkl,2012-05-31,0.060,0.060,0.060,0.060,113892.000
tkm,2012-05-31,5.009,5.009,5.009,5.009,2795.000
tlg,2012-05-31,0.298,0.298,0.302,0.275,129154.000
tlm,2012-05-31,0.355,0.355,0.355,0.355,10000.000
tls,2012-05-31,3.540,3.550,3.550,3.520,25814322.000
tmk,2012-05-31,0.191,0.191,0.191,0.191,7864.000
tmx,2012-05-31,0.011,0.011,0.011,0.011,100000.000
tne,2012-05-31,1.200,1.195,1.200,1.185,418643.000
tng,2012-05-31,0.062,0.065,0.065,0.062,20205.000
tnp,2012-05-31,0.607,0.607,0.607,0.607,1088.000
tnr,2012-05-31,0.660,1.320,1.320,0.660,6107.000
toe,2012-05-31,0.080,0.079,0.081,0.079,591631.000
ton,2012-05-31,0.045,0.045,0.045,0.045,41460.000
top,2012-05-31,0.353,0.353,0.353,0.353,4338.000
tpm,2012-05-31,1.729,1.749,1.764,1.729,1405386.000
trl,2012-05-31,2.229,2.058,2.229,1.972,8952.000
trs,2012-05-31,9.607,9.763,9.986,9.597,205978.000
try,2012-05-31,3.869,4.014,4.024,3.849,438619.000
tsc,2012-05-31,0.067,0.066,0.068,0.066,363066.000
ttb,2012-05-31,2.341,2.391,2.391,2.341,2008.000
tti,2012-05-31,0.031,0.031,0.031,0.031,133580.000
ttm,2012-05-31,133.000,140.000,140.000,133.000,87.000
tv2,2012-05-31,0.008,0.008,0.008,0.008,67879.000
twe,2012-05-31,4.294,4.343,4.363,4.264,2819918.000
twr,2012-05-31,1.220,1.220,1.280,1.210,37932.000
tyx,2012-05-31,0.620,0.640,0.640,0.590,71233.000
tzl,2012-05-31,1.525,1.525,1.621,1.335,66629.000
tzn,2012-05-31,0.085,0.085,0.085,0.082,463972.000
ubi,2012-05-31,0.615,0.615,0.615,0.615,900.000
unv,2012-05-31,0.150,0.150,0.150,0.150,2000.000
uos,2012-05-31,0.410,0.395,0.410,0.395,16250.000
uul,2012-05-31,0.057,0.057,0.058,0.057,90000.000
vah,2012-05-31,0.408,0.418,0.418,0.408,40003147.000
val,2012-05-31,0.425,0.350,0.425,0.350,1684102.000
van,2012-05-31,0.400,0.400,0.400,0.400,37500.000
vas,2012-05-31,52.840,52.670,52.840,52.320,4934.000
vcx,2012-05-31,1.900,1.900,1.930,1.890,142541890.000
vec,2012-05-31,0.050,0.045,0.052,0.045,3690173.000
vhy,2012-05-31,47.230,47.480,47.480,47.230,943.000
viv,2012-05-31,0.052,0.052,0.052,0.052,50000.000
vlt,2012-05-31,0.825,0.871,0.871,0.825,23258.000
vmc,2012-05-31,0.400,0.400,0.400,0.400,20000.000
vmg,2012-05-31,0.055,0.064,0.064,0.053,2253136.000
vml,2012-05-31,0.039,0.039,0.039,0.039,32487.000
vms,2012-05-31,0.319,0.310,0.324,0.310,306369.000
vmt,2012-05-31,0.110,0.110,0.110,0.100,30308.000
vmx,2012-05-31,0.680,0.680,0.760,0.680,85526.000
vmy,2012-05-31,0.371,0.371,0.371,0.371,4286.000
voc,2012-05-31,1.829,1.829,1.829,1.789,37336.000
vor,2012-05-31,0.140,0.140,0.140,0.140,263017.000
vpc,2012-05-31,0.255,0.259,0.259,0.255,132538.000
vpr,2012-05-31,0.078,0.086,0.093,0.078,981343.000
vrl,2012-05-31,2.940,3.017,3.055,2.940,50452.000
vrs,2012-05-31,0.091,0.092,0.092,0.091,150000.000
vrx,2012-05-31,0.348,0.386,0.390,0.344,1110866.000
vtg,2012-05-31,0.260,0.260,0.260,0.260,11500.000
vxr,2012-05-31,0.593,0.568,0.593,0.555,123567.000
vys,2012-05-31,0.440,0.430,0.440,0.415,210764.000
waa,2012-05-31,0.994,0.994,0.994,0.994,6216.000
waf,2012-05-31,0.190,0.190,0.190,0.180,202748.000
wam,2012-05-31,1.550,1.550,1.550,1.550,2238.000
wat,2012-05-31,0.970,0.970,0.970,0.970,1300.000
wax,2012-05-31,0.740,0.730,0.740,0.730,106974.000
wbc,2012-05-31,19.962,20.041,20.041,19.824,11717913.000
wbe,2012-05-31,0.044,0.044,0.044,0.044,25599.000
wbt,2012-05-31,6.983,6.734,6.983,6.734,428.000
web,2012-05-31,2.307,2.349,2.363,2.286,37182.000
wec,2012-05-31,0.320,0.310,0.329,0.310,1006555.000
wes,2012-05-31,20.850,21.066,21.196,20.763,5465638.000
wfe,2012-05-31,0.060,0.062,0.062,0.060,138115.000
wgo,2012-05-31,1.005,1.021,1.021,1.005,13130.000
whc,2012-05-31,3.990,3.980,3.995,3.930,5463718.000
whf,2012-05-31,2.550,2.570,2.570,2.520,15689.000
wja,2012-05-31,0.207,0.207,0.207,0.207,4782.000
wkt,2012-05-31,0.422,0.422,0.422,0.422,111059.000
wlc,2012-05-31,0.180,0.180,0.180,0.180,146210.000
wlf,2012-05-31,77.500,80.000,80.000,77.500,19.000
wml,2012-05-31,1.451,1.425,1.451,1.425,5791.000
wor,2012-05-31,24.367,24.179,24.630,24.179,2391995.000
wow,2012-05-31,26.150,26.440,26.510,26.110,5483291.000
wpl,2012-05-31,31.506,31.813,31.981,31.437,3931053.000
wpp,2012-05-31,0.945,0.940,0.955,0.940,131572.000
wrm,2012-05-31,0.113,0.113,0.113,0.113,2224.000
wsa,2012-05-31,4.360,4.450,4.480,4.350,608008.000
wwi,2012-05-31,0.020,0.020,0.020,0.020,35727.000
xam,2012-05-31,0.220,0.250,0.250,0.220,78165.000
xcd,2012-05-31,0.515,0.515,0.515,0.496,223304.000
xpe,2012-05-31,0.172,0.172,0.172,0.172,2922.000
xst,2012-05-31,0.080,0.080,0.080,0.080,6250.000
yoj,2012-05-31,0.085,0.084,0.085,0.084,12078.000
zgl,2012-05-31,0.170,0.170,0.170,0.170,25000.000
zmi,2012-05-31,12.000,14.000,14.000,12.000,857.000
znc,2012-05-31,0.289,0.294,0.294,0.289,168506.000
zno,2012-05-31,5.500,5.500,5.500,5.500,80.000
zyb,2012-05-31,13.510,13.510,13.510,13.510,133.000
